epoch,step,train_loss,val_loss
0,31,,0.5425599813461304
1,49,0.5102092623710632,
1,63,,0.5355782508850098
2,95,,0.5294086337089539
3,99,0.5165241360664368,
3,127,,0.5240081548690796
4,149,0.5367019772529602,
4,159,,0.519376277923584
5,191,,0.5153775215148926
6,199,0.5587860941886902,
6,223,,0.5118831396102905
7,249,0.4693504571914673,
7,255,,0.5088880658149719
8,287,,0.506232738494873
9,299,0.5267484784126282,
9,319,,0.5040177702903748
10,320,,0.5040177702903748
