epoch,step,train_loss,val_loss
0,31,,0.5488718748092651
1,49,0.5784604549407959,
1,63,,0.5409672856330872
2,95,,0.5328888893127441
3,99,0.5087291598320007,
3,127,,0.5252723693847656
4,149,0.49817681312561035,
4,159,,0.5186310410499573
5,191,,0.5129194259643555
6,199,0.5386695265769958,
6,223,,0.5082553029060364
7,249,0.4805097281932831,
7,255,,0.5045775771141052
8,287,,0.5019832253456116
9,299,0.47774383425712585,
9,319,,0.5002687573432922
10,320,,0.5002687573432922
