{"trainer/global_step":1499,"_timestamp":1.743179930341006e+09,"_runtime":34.562713,"_step":649,"val_loss":0.09160055220127106,"epoch":499,"train_loss":0.006350481882691383,"_wandb":{"runtime":34}}