epoch,step,val_loss
0,31,0.18162447214126587
1,32,0.18162447214126587
