{"_runtime":6.636478,"_step":259,"train_loss":0.16983120143413544,"_wandb":{"runtime":7},"val_loss":0.1862352341413498,"epoch":199,"trainer/global_step":599,"_timestamp":1.743173892615533e+09}